{
  "n_train_seeds": 5,
  "train_seeds": [
    42,
    43,
    44,
    45,
    46
  ],
  "eval_mean_reward_mean": -448.04256,
  "eval_mean_reward_std": 141.37803127617244,
  "eval_mean_reward_min": -700.8467999999999,
  "eval_mean_reward_max": -334.12559999999996,
  "eval_mean_delivered_mean": 67.2,
  "eval_mean_delivered_std": 5.443528267585279,
  "eval_mean_delivered_min": 57.0,
  "eval_mean_delivered_max": 72.6,
  "eval_mean_spoiled_mean": 230.64000000000001,
  "eval_mean_spoiled_std": 17.83811649249999,
  "eval_mean_spoiled_min": 212.4,
  "eval_mean_spoiled_max": 261.6,
  "final_train_mean_reward_mean": -341.86607999999995,
  "final_train_mean_reward_std": 63.304515413749144,
  "final_train_mean_reward_min": -440.36756,
  "final_train_mean_reward_max": -253.98167999999998,
  "all_eval_rewards": [
    -712.1520000000002,
    -551.1740000000004,
    -1212.454,
    87.63400000000027,
    -143.29199999999997,
    -267.282,
    -314.10400000000004,
    -730.8899999999999,
    -24.61200000000004,
    -333.73999999999995,
    -667.2759999999997,
    -801.1119999999997,
    -929.8560000000004,
    -835.7739999999998,
    -270.2159999999999,
    -90.64399999999992,
    -215.714,
    -1003.7280000000001,
    -351.3640000000001,
    -139.38999999999993,
    -187.9020000000001,
    -475.7120000000001,
    -488.6420000000001,
    -386.92199999999997,
    -154.74600000000012
  ],
  "all_eval_mean": -448.04256000000004,
  "all_eval_std": 329.1984791962539,
  "wall_time_seconds": 5037.500751018524,
  "config_path": "configs/dqn_v1.yaml",
  "run_id": "dqn_v1"
}