{
  "n_train_seeds": 5,
  "train_seeds": [
    42,
    43,
    44,
    45,
    46
  ],
  "eval_mean_reward_mean": -1048.1000800000002,
  "eval_mean_reward_std": 249.9688408715806,
  "eval_mean_reward_min": -1407.1091999999999,
  "eval_mean_reward_max": -624.5716,
  "eval_mean_delivered_mean": 32.480000000000004,
  "eval_mean_delivered_std": 14.260771367636464,
  "eval_mean_delivered_min": 15.0,
  "eval_mean_delivered_max": 58.4,
  "eval_mean_spoiled_mean": 272.43999999999994,
  "eval_mean_spoiled_std": 18.775047270246745,
  "eval_mean_spoiled_min": 247.0,
  "eval_mean_spoiled_max": 304.4,
  "final_train_mean_reward_mean": -1151.9949199999999,
  "final_train_mean_reward_std": 62.64537657669945,
  "final_train_mean_reward_min": -1260.33176,
  "final_train_mean_reward_max": -1070.5052799999999,
  "all_eval_rewards": [
    -1018.3120000000001,
    -382.2319999999999,
    -695.1619999999999,
    -527.2900000000001,
    -499.8620000000001,
    -1673.882,
    -1029.6760000000002,
    -1258.5959999999998,
    -1743.9479999999996,
    -1329.4440000000004,
    -1353.1139999999998,
    -873.2019999999998,
    -925.3120000000004,
    -1174.752,
    -819.7040000000002,
    -1171.872,
    -981.5119999999996,
    -1255.0579999999995,
    -1380.59,
    -723.576,
    -1284.9820000000002,
    -1016.3600000000001,
    -1057.5439999999996,
    -1226.2640000000006,
    -800.2559999999999
  ],
  "all_eval_mean": -1048.10008,
  "all_eval_std": 333.22576078303666,
  "wall_time_seconds": 72.08286309242249,
  "config_path": "configs/sarsa_tuned.yaml",
  "run_id": "sarsa_tuned"
}