{
  "n_train_seeds": 5,
  "train_seeds": [
    42,
    43,
    44,
    45,
    46
  ],
  "eval_mean_reward_mean": -612.73424,
  "eval_mean_reward_std": 349.65815670688187,
  "eval_mean_reward_min": -1218.2304,
  "eval_mean_reward_max": -144.4252,
  "eval_mean_delivered_mean": 60.0,
  "eval_mean_delivered_std": 19.033444249530877,
  "eval_mean_delivered_min": 27.0,
  "eval_mean_delivered_max": 82.2,
  "eval_mean_spoiled_mean": 245.8,
  "eval_mean_spoiled_std": 29.014203418325998,
  "eval_mean_spoiled_min": 203.6,
  "eval_mean_spoiled_max": 293.0,
  "final_train_mean_reward_mean": -722.118496,
  "final_train_mean_reward_std": 245.08199669262774,
  "final_train_mean_reward_min": -1133.16644,
  "final_train_mean_reward_max": -397.08804,
  "all_eval_rewards": [
    -219.09800000000007,
    -184.22,
    -306.0559999999999,
    79.32800000000009,
    -92.08,
    -1064.4840000000002,
    -1080.2079999999994,
    -451.87199999999996,
    -559.8740000000001,
    57.876000000000055,
    -446.55199999999996,
    -321.2460000000001,
    -760.7539999999996,
    -435.51999999999987,
    -307.262,
    -667.0660000000001,
    -300.67399999999986,
    -1062.8280000000002,
    -663.3000000000001,
    -441.314,
    -998.098,
    -1320.6840000000004,
    -1649.2700000000002,
    -970.2299999999998,
    -1152.8699999999997
  ],
  "all_eval_mean": -612.7342399999999,
  "all_eval_std": 439.1527750713895,
  "wall_time_seconds": 93.687814950943,
  "config_path": "configs/q_learning_tuned.yaml",
  "run_id": "q_learning_tuned"
}